[{"name":"Rando's Army","leaderName":"Rando","adjective":["Rando's"],"startBias":["Avoid Jungle"],"preferredVictoryType":"Domination","startIntroPart1":"Oh ye who remakes the world, your loyal subjects greet you, King Pachacuti Sapa Inca, ruler of Tawantinsuyu and the Inca people! From the beginnings in the small state of Cusco, the Incans displayed their potential for greatness, marching to war against their many enemies, crushing their armies into dust and carving for themselves a mighty empire stretching from Ecuador to Chile. Indeed, they build the greatest empire ever seen in all pre-Columbian Americas. More than mere soldiers, your people were great builders and artists as well, and the remnants of their works still awe and inspire the world today.","startIntroPart2":"Oh King Pachacuti, truly are you called 'Earth Shaker'! Will you once again call upon the ground itself to a fight at your side? Your armies await your signal. Will you restore the glory of your empire? Can you build a civilization that will stand the test of time?","declaringWar":"I-I'm s-sorry it has come to this...","attacked":"P-Please... I d-don't want to hurt you.","defeated":"You truly are the master...","introduction":"...","neutralHello":"...","neutralLetsHearIt":["..."],"neutralNo":["..."],"neutralYes":["..."],"hateHello":"...","hateLetsHearIt":["..."],"hateNo":["..."],"hateYes":["..."],"afterPeace":"...","tradeRequest":"...","outerColor":[255,50,10],"innerColor":[50,250,0],"uniqueName":"Goodbye Baby","unique":"FUROR_TEUTONICUS","cities":["Rando's Base","Dojo Town","Garbage Island","Downtown Olathe","Nowhere","Nobody","Failiure","Har","Lamuzta","Laka","Gapi","Piki","Kabara","Tabon","Zandar","Tadik","Um Baga","Tagaz","Bagada","Gugar","Grug","Ragag","Zuur","Dada","Wadar","Ulaga","Gagor","Harana","Alotro","Wololo","Oggy","Kara","Polgo","Kagag","Lah","Tagina","Ruma","Radar","Gamuklag","Zada"]}]